Horse Name,Search Result URL
Green Splendour,https://www.horseracing.net/runners/green-splendour
Green Splendour,https://www.horseracing.net/runners/green-splendour
Green Splendour,https://www.horseracing.net/runners/green-splendour
Green Splendour,https://www.horseracing.net/runners/green-splendour
Green Splendour,https://www.horseracing.net/runners/green-splendour
Green Splendour,https://www.horseracing.net/runners/green-splendour
Green Splendour,https://www.horseracing.net/runners/green-splendour
Green Splendour,https://www.horseracing.net/runners/green-splendour
Green Splendour,https://www.horseracing.net/runners/green-splendour
Green Splendour,https://www.horseracing.net/runners/green-splendour
Green Splendour,https://www.horseracing.net/runners/green-splendour
Jetara,https://www.horseracing.net/runners/jetara
Cruz Control,https://www.horseracing.net/runners/cruz-control
Imperial Saint,https://www.horseracing.net/runners/imperial-saint
Erne River,https://www.horseracing.net/results/05-04-25
Honesty Policy,https://www.horseracing.net/results/aintree/05-04-25
Regent's Stroll,https://www.horseracing.net/runners/regents-stroll
Funiculi Funicula,https://www.horseracing.net/runners/funiculi-funicula
Deep Cave,https://www.horseracing.net/runners/deep-cave
Timmy Tuesday,https://www.horseracing.net/runners/timmy-tuesday
Double Powerful,https://www.horseracing.net/runners/double-powerful
She's A Saint,https://www.horseracing.net/runners/shes-a-saint
Slugger,https://www.horseracing.net/us/horses/slugger
Celtic Dino,https://www.horseracing.net/runners/celtic-dino
Julius Des Pictons,https://www.horseracing.net/runners/julius-des-pictons
Minella Rescue,https://www.horseracing.net/runners/minella-rescue
Crest Of Fortune,https://www.horseracing.net/runners/crest-of-fortune
Gentleman De Mee,https://www.horseracing.net/results/leopardstown/02-02-25
Lisnamult Lad,https://www.horseracing.net/runners/lisnamult-lad
The Goffer,https://www.horseracing.net/results/cheltenham/12-03-24
Jonbon,https://www.horseracing.net/news/horses-to-watch-aintree-that-skipped-cheltenham-2025
Protektorat,https://www.horseracing.net/results/cheltenham/14-03-24
Matata,https://www.horseracing.net/runners/matata
Salvator Mundi,https://www.horseracing.net/us/horses/salvator-mundi
Romeo Coolio,https://www.horseracing.net/runners/romeo-coolio
Karbau,https://www.horseracing.net/runners/karbau
Wellington Arch,https://www.horseracing.net/runners/wellington-arch
Kopeck De Mee,https://www.horseracing.net/runners/kopeck-de-mee
Favour And Fortune,https://www.horseracing.net/runners/favour-and-fortune
Caldwell Potter,https://www.horseracing.net/results/cheltenham/13-03-25
Jordans,https://www.horseracing.net/us/horses/jordans-way
The Changing Man,https://www.horseracing.net/runners/the-changing-man
Dysart Dolomite,https://www.horseracing.net/runners/dysart-dolomite
Spreadsheet Guru,https://www.horseracing.net/runners/spreadsheet-guru
Driftwood Bounty,https://www.horseracing.net/results/ayr/12-04-25
Gale Mahler,https://www.horseracing.net/runners/gale-mahler
Chart Topper,https://www.horseracing.net/runners/chart-topper
The Jukebox Kid,https://www.horseracing.net/runners/the-jukebox-kid
Quebecois,https://www.horseracing.net/runners/quebecois
Jump Allen,https://www.horseracing.net/results/naas/08-02-25
Baratablet,https://www.horseracing.net/runners/baratablet
Captain Cody,https://www.horseracing.net/runners/captain-cody
Klarc Kent,https://www.horseracing.net/runners/klarc-kent
Our Power,https://www.horseracing.net/results
The Lord Maid,https://www.horseracing.net/runners/the-lord-maid
Lavida Adiva,https://www.horseracing.net/runners/lavida-adiva
Fox's Fancy,https://www.horseracing.net/results/ayr/08-03-25
Cracking Rhapsody,https://www.horseracing.net/runners/cracking-rhapsody
Kabral Du Mathan,https://www.horseracing.net/runners/kabral-du-mathan
Ooh Betty,https://www.horseracing.net/runners/ooh-betty
Masaccio,https://www.horseracing.net/runners/masaccio
Eyed,https://www.horseracing.net/results
Theformismighty,https://www.horseracing.net/runners/theformismighty
The Other Mozzie,https://www.horseracing.net/runners/the-other-mozzie
Homme Public,https://www.horseracing.net/results/ayr/12-04-25
Tommy's Oscar,https://www.horseracing.net/results/ayr/20-04-24
The Four Sixes,https://www.horseracing.net/results/kempton/25-11-24
Florida Dreams,https://www.horseracing.net/results/musselburgh/01-02-25
I Love My Baie,https://www.horseracing.net/runners/i-love-my-baie
Asta La Pasta,https://www.horseracing.net/runners/asta-la-pasta
Paso Doble,https://www.horseracing.net/runners/paso-doble
Dance Thief,https://www.horseracing.net/runners/dance-thief
Riskintheground,https://www.horseracing.net/results/cheltenham/16-04-25
Will Carver,https://www.horseracing.net/runners/will-carver
Vintage Fizz,https://www.horseracing.net/runners/vintage-fizz
Billy Boi Blue,https://www.horseracing.net/runners/billy-boi-blue
Ace Of Spades,https://www.horseracing.net/runners/ace-of-spades
Pounding Poet,https://www.horseracing.net/runners/pounding-poet
Roxanne,https://www.horseracing.net/runners/our-roxane
Green Sky,https://www.horseracing.net/runners/green-sky
Lets Mingle,/search?num=3
Wilful,https://www.horseracing.net/runners/wilful
Kingston James,https://www.horseracing.net/runners/kingston-james
Maghlaak,https://www.horseracing.net/runners/maghlaak
